{"1": [2.7488935718869443, 5.84938695069713], "2": [2.5611441812940954, 4.435821688491, 13.174684956430118, 14.215322890783215], "3": [4.305768835151906, 4.535469791791482, 4.39284458180039, 3.9856959261141713, 4.207200193139341, 4.837379583614889], "4": [4.152848695763813, 1.1999781154461016, 1.3283671344204118, 1.415950712774418, 0.5895226571750131, 1.137967478076901, 1.2617712830825614, 1.373442625806696], "5": [4.127334042086134, 5.858478741954399, 5.988864391915754, 6.083761847134787, 6.1648208068459835, 0.5435004498380658, 1.0818575592636042, 1.2539998764799272, 1.3244031155043519, 1.4753268236655885], "6": [2.950221198717073, 5.669068634894712, 2.5573518057264444, 1.3932269449441081, 1.8301761777592025, 4.986938269247053, 0.8410747304745284, -1.5977639172338667, 0.3428735811809418, -2.833982673779685, 1.3852587904949576, -1.3404064905346522]}