{"feasible_fraction": 0.8491740077323232, "v_bounds": 51212.547436869485, "hv_estimate": 43488.36415314818, "num_eps_samples": 459629}