{"feasible_fraction": 0.6807262279993693, "v_bounds": 1860339.0182853418, "hv_estimate": 1266381.5627174305, "num_eps_samples": 742081}