{"pre-processing": 0.8566329479217529, "execution": 1.5525469779968262}