{"pre-processing": 0.7830712795257568, "execution": 2.2988240718841553}