{"1": [4.319689898947364, 4.438550261112484], "2": [5.726243686362208, 5.863242313083678, 3.8758085841841874, 6.513880517477982], "3": [1.8710985958730426, 1.348291761820528, 4.690758437283488, -0.9297634486166833, 1.9481095088569378, 10.950043722252085], "4": [2.5925849172046074, 2.7730951445658887, 4.485897959904137, 6.124767602848254, 0.6263581685508641, 1.2279691453594892, 1.3624311060882976, 1.4939017506359722], "5": [2.152434248662816, 0.4168238835333281, 0.2993656830223814, 0.20725528614128938, 0.12582658853235917, -0.5337514766896521, -1.111267840914043, -1.3129062218318153, -1.4147745917535794, -1.468232027766672], "6": [5.679929116524655, 2.6857207606405242, 2.7944831225901448, 2.867542845004044, 2.962931187131023, 3.028129310093549, 0.5423606808365142, 1.0751061895888714, 1.2595350021873446, 1.4146901276869552, 1.4310759072210453, 1.5668602528441595]}