{"1": [5.890486225604747, 1.4333991496577903], "2": [1.0247342166376008, 1.2938261792415486, 1.1963153019687744, 2.2318235863500426], "3": [3.751923107620691, 3.571664727254203, 3.347799477997122, -1.0130466336164357, -2.064860567950759, -2.3542135060292346], "4": [0.9483336154522275, 5.785912611023512, 4.354238322978068, 4.528322447867875, 0.9725792096445813, 1.9034385447809299, 2.2301626537318406, 2.401254601927069], "5": [4.068819308319642, 4.18175271544725, 4.272382063555688, 4.378581806455849, 4.550396791478148, 0.8828184581566532, 1.8150612093560237, 2.078192147984874, 2.2832500780589706, 2.4154943800123263], "6": [0.6571956995267937, 0.5631846694097168, 0.4812039231958413, 0.4163864339010205, 0.30004308502826765, 0.13758081934047645, -0.859888907715688, -1.7498072565413982, -2.031283043788869, -2.1821911405912875, -2.3669075805392152, -2.512258369228742]}