{"1": [4.319689898673443, 1.0022151252198956], "2": [2.6487903871737277, 4.457419647789452, 0.8506218776090101, 1.5553775377035315], "3": [4.149606244543438, 5.9327266971521935, 6.092789227455435, 0.7530073070272595, 1.4789695779126357, 1.6265172961908108], "4": [2.5395715062811894, 4.280365857879186, 4.438464474699464, 4.562416222146637, 0.6845736196562763, 1.3893323599920055, 1.6078157738916667, 1.698830901026401], "5": [2.510521675828419, 4.2097410112709905, 4.355617774401063, 4.488067985267503, 4.5799888688344, 0.7164981315881281, 1.4083624738663802, 1.6307660246281654, 1.758651082798973, 1.9078610165807768], "6": [2.50501431953091, 5.753576177366685, 5.847994691651203, 5.976715493282375, 6.078302241590386, 6.171958254966291, 0.5959872400875718, 1.310650316978521, 1.5513217504464294, 1.7040463615439374, 1.8558775588563283, 1.8202976803219044]}