{"0.00211835": 154537.38563184201, "53.0979": 472654.6938705363, "134.856": 541125.4157560407, "228.992": 592696.850831353, "327.813": 635769.2175325018, "438.081": 669436.6629029596, "549.685": 700984.8693174811, "664.928": 726334.9094101705, "794.126": 740429.3169683262, "905.125": 763074.156322747, "1029.22": 798653.1331144874, "1144.68": 809232.4604516793, "1288.85": 822058.0709177079, "1415.01": 830525.5453467071, "1562.86": 847499.9897564771, "1698.94": 855981.506041911, "1861.07": 867006.8938175514, "2010.96": 872636.4277613815, "2191.22": 883698.4036025167, "2328.05": 894427.594902507, "2504.86": 901767.8654766721, "2681.12": 916384.5002112084, "2836.33": 920932.8398033271, "3017.67": 935973.3535253077, "3215.37": 944081.5357184089, "3451.02": 947530.3605354526, "3574.61": 954286.9854475975, "3766.03": 965928.2213115057, "3979.56": 973193.6335108683, "4198.06": 976850.5122051013, "4365.98": 980892.4103011531, "4555.39": 991278.1273578024, "4797.68": 1002268.7312927735, "4972.14": 1008454.2826734541, "5128.98": 1015730.3327714254, "5359.18": 1022936.4906690188, "5573.72": 1028526.205552265, "5773.92": 1033460.2755090187, "6012.14": 1037960.9277044239, "6188.24": 1052137.1664500306, "6449.0": 1054432.027339039, "6722.16": 1059585.2940114352, "6961.51": 1067412.1859370903, "7220.55": 1070872.419674157, "7389.2": 1073964.6163569614, "7581.01": 1079030.7773482301, "7818.19": 1083328.0601154203, "8053.96": 1085328.4027861895, "8272.3": 1094668.1392773702, "8463.98": 1100210.1130326074, "8656.86": 1105933.740613055, "8912.17": 1108048.4884267654, "9149.32": 1109896.4405004843, "9418.18": 1114965.4065511255, "9637.75": 1120751.2382983968, "9811.97": 1127589.3904282583, "10055.9": 1132996.7852385875, "10326.9": 1135599.622734464, "10520.1": 1140058.3807756826, "10781.3": 1143525.6683897986, "10964.3": 1147571.052772348, "11184.6": 1148909.832239235, "11413.4": 1151666.122548119, "11624.9": 1155903.2623904862, "11844.9": 1158465.3177797997, "12043.1": 1167825.2713674372, "12232.2": 1169371.2531312425, "12407.2": 1176719.0310368983, "12628.3": 1179384.891631634, "12866.5": 1186162.881807954, "13079.1": 1188610.8720293983, "13301.3": 1191846.1847779222, "13487.5": 1196113.499090281, "13657.0": 1197564.7065788521, "13880.2": 1200595.0402449481, "14134.0": 1205512.2639229086, "14346.9": 1206976.432861835, "14556.1": 1207619.050779811, "14754.0": 1215310.4475811897, "14980.7": 1216728.4071161044, "15252.0": 1219383.091893668, "15446.6": 1220434.5248135726, "15679.7": 1222302.0208331826, "15894.4": 1224345.3906714257, "16103.8": 1225276.0503440106, "16348.1": 1228069.5585237523, "16573.0": 1229541.5727123178, "16789.8": 1235238.335135477, "16979.3": 1236755.8102485226, "17196.8": 1237493.658315172, "17435.5": 1241697.795986302, "17653.7": 1245791.5429472937, "17818.5": 1250098.618612373, "18005.7": 1251078.4974164232, "18254.9": 1255898.5428805065, "18449.6": 1258865.7733250773, "18625.8": 1260233.1707938933, "18870.9": 1261536.1916631418, "19091.8": 1266143.3260574026, "19341.7": 1266143.3260574026}