{"1": [3.5342917324932697, 5.597953318171471], "2": [2.71881698406889, 3.5768432976096367, 6.863632248768089, 5.441078433683474], "3": [2.0907885793057392, 4.963564905522781, 3.3412456384157325, -0.8711519742767727, -1.3539522033742983, -1.6415581623901505], "4": [4.883101195181791, 1.2232308414071709, 1.347888611006215, 1.3996964932201017, -1.3071929982798092, 2.3317657590839125, 1.4048564093109177, 1.9306932454919712], "5": [4.123396470576564, 5.844387617731871, 6.021618227809503, 6.065613500540586, 6.13348739966874, 0.7152920739456092, 1.4552783808310452, 1.5925772977004204, 1.4725639245924742, 2.147494605128281], "6": [3.2408923754346493, 5.802705587106131, 5.881756219098345, 6.049358112512849, 6.0784326339855586, 6.144723547086233, -0.8735841432330156, 1.6422777807993088, 1.4955112442752094, 1.6300425336879059, 1.452485052928875, 2.1892082540369944]}