{"GWO": {"times": [0.3771946430206299, 0.31275129318237305, 1.2202494144439697, 0.28836822509765625, 0.22745776176452637, 0.28335142135620117, 0.6314671039581299, 0.21314024925231934, 0.5875236988067627, 0.3299567699432373, 0.333981990814209, 0.2115800380706787, 0.27625322341918945, 0.262554407119751, 0.20060300827026367, 0.3840968608856201, 0.47473883628845215, 0.7753987312316895, 0.2517273426055908, 0.3777172565460205, 0.2337331771850586, 0.2367877960205078, 0.21826457977294922, 0.19116663932800293, 0.19725441932678223, 0.32961153984069824, 0.6699745655059814, 0.20224380493164062, 0.3249523639678955, 0.18213343620300293, 0.7440552711486816, 0.25453734397888184, 0.42239832878112793, 0.2761387825012207, 0.7784907817840576, 0.2374107837677002, 0.33255958557128906, 0.6263792514801025, 0.24030494689941406, 0.2550172805786133, 0.5133805274963379, 0.3594534397125244, 0.18202757835388184, 0.1954495906829834, 0.20377063751220703, 0.47875475883483887, 0.2472538948059082, 0.1990969181060791, 0.25402331352233887, 0.7057349681854248, 0.30411386489868164, 0.3287022113800049, 2.5498735904693604, 0.30797505378723145, 0.37206339836120605, 0.39647436141967773, 0.31121826171875, 0.2009124755859375, 0.2598085403442383, 0.4292900562286377, 0.572645902633667, 0.19050145149230957, 0.30820631980895996, 0.34904003143310547, 0.20211553573608398, 0.6277728080749512, 0.36338019371032715, 0.3286125659942627, 0.26837921142578125, 0.2031552791595459, 0.22425365447998047, 0.1899704933166504, 0.4632430076599121, 0.2585735321044922, 0.2731032371520996, 0.4320063591003418, 0.23893475532531738, 0.19702696800231934, 0.3424370288848877, 0.22391366958618164, 0.4783444404602051, 0.2474076747894287, 0.3709275722503662, 0.2897348403930664, 0.2968602180480957, 0.4022526741027832, 0.43448448181152344, 0.6352224349975586, 0.4045999050140381, 0.33522844314575195, 0.16423988342285156, 1.2315232753753662, 0.2125999927520752, 0.24130702018737793, 1.0969231128692627, 0.19445157051086426, 2.133046865463257, 0.24399852752685547, 0.17006206512451172, 0.44479894638061523], "mean": 0.4005819034576416, "var": 0.11945994514190611}, "R_EPS": {"times": [0.006978750228881836, 0.022183895111083984, 0.009382486343383789, 0.010833024978637695, 0.06444025039672852, 0.005303144454956055, 0.10536766052246094, 0.013396978378295898, 0.014146566390991211, 0.020261764526367188, 0.010920524597167969, 0.014299392700195312, 0.019603967666625977, 0.005677461624145508, 0.007657527923583984, 0.032170772552490234, 0.00563502311706543, 0.0075070858001708984, 0.005594015121459961, 0.02554011344909668, 0.025841951370239258, 0.045479774475097656, 0.1270146369934082, 0.0056345462799072266, 0.005318880081176758, 0.02111506462097168, 0.005631208419799805, 0.016282320022583008, 0.0054471492767333984, 0.01112675666809082, 0.011197328567504883, 0.005617618560791016, 0.05414581298828125, 0.016712188720703125, 0.0069010257720947266, 0.014976263046264648, 0.011914491653442383, 0.017894506454467773, 0.011823892593383789, 0.07146286964416504, 0.005612850189208984, 0.04811906814575195, 0.005635261535644531, 0.005676984786987305, 0.0055735111236572266, 0.010998249053955078, 0.013557910919189453, 0.0767068862915039, 0.012065887451171875, 0.010267972946166992, 0.005654811859130859, 0.1820225715637207, 0.013067007064819336, 0.0056607723236083984, 0.01763176918029785, 0.005301952362060547, 0.005613565444946289, 0.0056226253509521484, 0.014731168746948242, 0.005288600921630859, 0.057994842529296875, 0.023082733154296875, 0.00527501106262207, 0.011023998260498047, 0.012052059173583984, 0.0070648193359375, 0.033347129821777344, 0.03598833084106445, 0.010921716690063477, 0.014588356018066406, 0.026967763900756836, 0.14022612571716309, 0.00986790657043457, 0.041914939880371094, 0.026823759078979492, 0.043166160583496094, 0.059435129165649414, 0.005584716796875, 0.07751035690307617, 0.007236480712890625, 0.15230202674865723, 0.005655527114868164, 0.0241241455078125, 0.005600929260253906, 0.06617522239685059, 0.011702775955200195, 0.019422292709350586, 0.015125274658203125, 0.005604743957519531, 0.01579737663269043, 0.011123180389404297, 0.011998653411865234, 0.005286455154418945, 0.013412952423095703, 0.005251884460449219, 0.16156387329101562, 0.011332273483276367, 0.1334073543548584, 0.011613845825195312, 0.005300283432006836], "mean": 0.026951215267181396, "var": 0.0013422883491535857}, "WS": {"times": [0.003683805465698242, 0.004144906997680664, 0.004014015197753906, 0.0038988590240478516, 0.004107236862182617, 0.003648519515991211, 0.004111766815185547, 0.0040853023529052734, 0.003962516784667969, 0.00411224365234375, 0.004297733306884766, 0.003949165344238281, 0.003933906555175781, 0.004006147384643555, 0.0037865638732910156, 0.0038318634033203125, 0.0038192272186279297, 0.003660440444946289, 0.003786802291870117, 0.0037584304809570312, 0.004182338714599609, 0.0037741661071777344, 0.004275798797607422, 0.003967761993408203, 0.0036766529083251953, 0.003941774368286133, 0.003904104232788086, 0.00419306755065918, 0.0037603378295898438, 0.004630327224731445, 0.0041544437408447266, 0.0038330554962158203, 0.003674745559692383, 0.004691123962402344, 0.0038449764251708984, 0.0037500858306884766, 0.003939390182495117, 0.004220008850097656, 0.004114866256713867, 0.004740238189697266, 0.0037584304809570312, 0.004352569580078125, 0.0037963390350341797, 0.003874063491821289, 0.003977298736572266, 0.003994941711425781, 0.004001617431640625, 0.004262447357177734, 0.004265308380126953, 0.0035698413848876953, 0.004056453704833984, 0.004241228103637695, 0.003629922866821289, 0.0037755966186523438, 0.00391840934753418, 0.003555774688720703, 0.0036575794219970703, 0.003801584243774414, 0.003999948501586914, 0.0043408870697021484, 0.004048824310302734, 0.004231929779052734, 0.0037817955017089844, 0.003886699676513672, 0.003964662551879883, 0.0035524368286132812, 0.004384756088256836, 0.0040950775146484375, 0.003802776336669922, 0.0041294097900390625, 0.0041005611419677734, 0.004563808441162109, 0.004176139831542969, 0.003975391387939453, 0.004102230072021484, 0.004264116287231445, 0.0047643184661865234, 0.003735780715942383, 0.004154205322265625, 0.003952741622924805, 0.004089832305908203, 0.004007101058959961, 0.00397181510925293, 0.003862619400024414, 0.0038628578186035156, 0.003789663314819336, 0.004608154296875, 0.003958225250244141, 0.0037107467651367188, 0.0038650035858154297, 0.004762172698974609, 0.0036416053771972656, 0.004017353057861328, 0.003860950469970703, 0.003866434097290039, 0.004828691482543945, 0.004231929779052734, 0.0049839019775390625, 0.004000425338745117, 0.003753662109375], "mean": 0.004020397663116455, "var": 8.806777925087772e-08},