{"0.00271726": 9408.13998789499, "0.581872": 15663.615856053048, "1.54754": 17726.96741757362, "2.52675": 19248.315610448954, "3.78453": 20969.26394694953, "5.13956": 21756.15428584483, "6.49447": 22418.242393356155, "7.86347": 23716.105815057985, "9.28747": 24007.322224021205, "11.1923": 24134.77567056798, "12.7851": 24534.189885395637, "14.3994": 24974.89050824478, "16.0326": 25157.779887962235, "17.6587": 25636.769462664277, "19.1819": 26270.96760142197, "21.1472": 26322.566815461694, "22.9282": 26815.61461391489, "24.4889": 27465.48374275211, "26.3258": 27747.539026462655, "28.1231": 28055.661436454597, "29.7533": 28949.280055552976, "31.3365": 29012.552800753805, "32.9773": 29198.323128502994, "34.8577": 29335.331638140364, "36.5578": 29791.583616181164, "37.7201": 30105.886556919762, "39.3142": 30213.561337462124, "41.2629": 30702.427973894068, "42.8694": 30944.616429021164, "44.0701": 31503.90850870096, "45.7487": 31989.132618215986, "47.6876": 32284.472474912673, "49.6395": 32426.809736992967, "51.1382": 32884.30262941931, "53.3633": 33051.43603995999, "55.2014": 33582.408781369944, "57.1829": 34122.991416123165, "58.9038": 34751.77346862865, "60.8011": 35026.42916751222, "62.8669": 35621.30080089041, "65.2633": 36065.110533163126, "68.1814": 36124.29072178131, "70.5312": 36251.00635979432, "72.691": 36827.02456139886, "74.47": 37285.282535584956, "76.1618": 37422.44940011651, "78.7365": 37462.594788209455, "80.4683": 38069.76602381185, "82.7848": 38154.02174753663, "84.9846": 38458.65704701703, "87.1114": 38676.4343872822, "89.3708": 38881.29709686334, "91.4991": 39150.025332295794, "93.8801": 39178.278547564994, "95.941": 39319.80784019104, "98.7953": 39680.11789528702, "100.511": 39725.19173700538, "103.214": 39743.191067451255, "105.295": 39842.101088239506, "108.376": 39863.64214048386, "110.582": 40219.446776358716, "113.756": 40264.350288632064, "115.938": 40475.90265729008, "118.87": 40520.36492593511, "122.298": 40774.8175910764, "124.805": 40875.18547328136, "127.073": 40901.33580928674, "130.983": 40918.02304990563, "132.987": 41053.29675912945, "135.357": 41081.38722861296, "138.08": 41337.59044672226, "140.665": 41375.618207548134, "143.605": 41399.875625415436, "145.49": 41578.56535492484, "147.826": 41606.09040974048, "151.105": 41627.92786411586, "153.26": 41782.069188140056, "155.218": 41903.58915759257, "158.424": 41932.44145475584, "161.36": 41984.665600499415, "164.124": 42195.41260498774, "166.378": 42338.2140258231, "169.606": 42350.21063035551, "172.277": 42556.76958416238, "174.362": 42654.07629268139, "176.757": 42673.37311462794, "178.673": 42827.58228899274, "181.402": 42861.611727212396, "184.673": 42965.457425930734, "186.599": 42993.19514154999, "189.329": 43030.52492794622, "192.236": 43102.126969675635, "194.637": 43121.80836232243, "197.319": 43144.62369372151, "199.703": 43247.4904413433, "202.25": 43266.45947352424, "205.078": 43294.64321641114, "208.358": 43319.74041586086, "210.936": 43462.13867037342, "215.386": 43471.70364308487}