{"0.00750375": 25673.125956613523, "0.847008": 34544.0944172289, "1.9987": 37870.79716285957, "3.15137": 39635.40772598349, "4.1434": 40912.62462605766, "5.51866": 41631.3420674799, "7.5509": 41819.1114963154, "9.26884": 42005.75569863973, "11.272": 42131.089278778534, "12.6788": 42243.198176578204, "13.9531": 42389.215617658854, "15.4647": 42599.73141090536, "16.8837": 42724.3174494047, "18.3028": 42818.865466609204, "19.8307": 42918.95836490039, "21.2977": 43000.71394693397, "22.6032": 43043.55093634476, "24.154": 43111.43203417581, "25.7081": 43178.423954747406, "26.9041": 43246.735851851416, "27.7672": 43276.827861760736, "29.3619": 43282.52564902658, "31.3724": 43293.44052082906, "34.5878": 43296.61475814719, "36.8358": 43305.26560786301, "41.0481": 43311.456999755304, "45.0912": 43316.89743252479, "49.0692": 43323.73021210537, "51.9892": 43328.13119494916, "53.9784": 43358.05139274298, "56.8183": 43377.588481378065, "60.2097": 43378.411440378855, "63.7695": 43379.777947419134, "67.2448": 43380.488866621105, "70.0232": 43381.944007847625, "72.714": 43383.39476007843, "76.9769": 43383.681948621605, "81.0206": 43384.83222905089, "85.8689": 43386.61713441846, "89.2521": 43388.21247088922, "92.863": 43399.40179784936, "97.3405": 43401.91981402029, "101.919": 43406.39052508817, "106.596": 43410.135739247795, "110.058": 43415.86890783116, "114.397": 43417.14928419819, "119.179": 43419.49026556839, "124.936": 43420.15445881201, "128.807": 43420.524362320706, "133.79": 43424.856504919735, "137.981": 43425.510394763005, "146.379": 43426.09054925527, "151.861": 43426.76221229615, "157.43": 43427.528190421646, "161.388": 43430.029740996135, "167.556": 43430.963006998085, "171.797": 43431.59850317082, "176.622": 43433.402288603116, "179.411": 43435.9418939662, "187.963": 43436.12311504597, "191.525": 43438.64573222373, "196.888": 43440.18428385853, "202.024": 43441.24781677935, "206.903": 43442.410228947825, "214.824": 43444.30810981238, "221.064": 43447.88921105812, "226.702": 43452.09230460581, "231.967": 43455.51615192348, "237.054": 43456.42026631955, "242.217": 43457.845702508625, "247.82": 43458.230577843475, "253.392": 43459.21093529204, "258.637": 43460.58318649436, "264.478": 43460.836283435056, "269.728": 43461.55618591942, "277.276": 43461.95552865641, "285.559": 43462.87737552366, "291.873": 43463.61871789537, "297.011": 43464.74743557095, "300.972": 43464.86763844817, "306.308": 43465.12178489963, "314.865": 43465.45429375483, "323.362": 43465.88141804064, "329.504": 43466.05218912243, "333.813": 43466.12020806059, "341.454": 43466.55747431123, "352.276": 43466.85737750125, "363.551": 43467.19485023017, "371.098": 43467.49413399699, "378.153": 43467.93900971855, "390.167": 43469.24132036938, "394.764": 43469.39628181782, "401.946": 43469.69682581329, "410.067": 43470.051263840665, "421.853": 43470.57777799923, "429.951": 43471.011216521685, "440.381": 43471.2171924422, "450.972": 43471.37171695073, "464.962": 43471.586058340574, "481.982": 43471.703643084824}