{"pre-processing": 0.0011849403381347656, "execution": 0.00014209747314453125}