{"pre-processing": 0.0014078617095947266, "execution": 0.00018405914306640625}