{"1": [2.7488935722737566, 5.545867086929732], "2": [2.015668329442878, 1.8810128363333836, -4.885575061898821, -5.960746779742932], "3": [4.085705558074227, 4.324117430664865, 4.366144337560762, 4.3219423935887225, 5.976971156362081, 4.808390520389718], "4": [2.176462294921902, 3.520315449298089, 3.4917933878903398, 3.226286699809374, -4.256521378411425, -5.944947653483087, -4.845751794403814, -4.757263568044857], "5": [5.607552157290611, 5.963088459947101, 5.953968054495689, 6.208111302631522, 6.140466406388737, 4.352233863701611, 5.941406540319906, 4.963320061911552, 4.750956581379113, 4.087406691890717], "6": [5.67522791371066, 5.81327500424978, 1.2130433377843675, 1.3081756085748457, 1.3838944317869804, 1.4654783476135547, 0.6281940259709724, 1.3202386130600652, 1.5873657281880007, 1.8468718480816126, 1.9687958533474754, 1.933114890292068]}