{"pre-processing": 0.8723759651184082, "execution": 3.5035929679870605}