{"pre-processing": 0.7647051811218262, "execution": 3.6187965869903564}