{"1": [5.890486225482825, 1.400535736458106], "2": [5.181959109662095, 1.8030272034479697, -1.167418314749439, -2.1837135168425426], "3": [1.026663777507982, 1.2559786428862054, 1.3849843937761748, 1.18655027277371, 2.1615179716656403, 2.5368150255039685], "4": [4.114132249945772, 5.888269551177887, 4.461514540828273, 1.434221945910833, 1.0894950050185097, 2.174970471187003, 2.475790196132842, 2.58128269492481], "5": [4.092716602192349, 4.253301081405973, 4.395204886463849, 4.515914218322847, 4.598787272934013, 0.9592919785672239, 2.046486956095453, 2.449076332110767, 2.53304698411004, 2.5594644773410176], "6": [5.645523675465921, 2.6334514629214314, 2.7665558526909457, 2.895592648173734, 2.977838824125507, 3.0507029317621503, 0.9061980802664172, 1.9599889690459322, 2.4318821342963326, 2.5830256621944034, 2.599266451430277, 2.803237017956908]}