{"1": [5.890486225472028, 6.602228055130546], "2": [0.5055452086972643, 4.986118772204264, -0.9239981757421215, -1.605517164820456], "3": [3.706480096050425, 1.955139802066294, 1.770307134754654, -0.753243090279674, -1.503699605224017, -1.6808233130143504], "4": [5.702425946771105, 1.1335230055517151, 1.2771534219149894, 1.415236201777088, 0.6903001322582594, 1.3523328900790974, 1.622203803088971, 1.7535337958368358], "5": [5.665444683088678, 1.0946135557959689, 1.2106009145916088, 1.3282692405161978, 1.4472933726898958, 0.5964591358855369, 1.2615650108669518, 1.488519043744681, 1.69419151026854, 1.7759817900761719], "6": [0.9392706198458031, 2.6261465035685165, 2.7345843287501337, 2.8217213762256184, 2.9256919663091883, 3.0259861472746286, 0.560629786579608, 1.151068599645185, 1.3868220974035212, 1.547270106287943, 1.722296709052249, 1.794177328707318]}