{"0.0104406": 507494.94062751584, "0.0288227": 556914.083418706, "0.0580122": 617041.1115271803, "0.0889153": 624474.2685048645, "0.114636": 630973.1635522945, "0.140219": 648537.8805459623, "0.171142": 660045.5025137512, "0.202471": 668052.4028412504, "0.235215": 676132.697981477}