{"0.010252": 507494.94062751584, "13.5269": 1130881.5715462712, "31.4282": 1171153.2861479798, "54.7108": 1187038.128859705, "78.7692": 1203507.6854308732, "101.751": 1212412.2717250322, "120.928": 1224772.2261275633, "144.304": 1238153.2291518275, "166.398": 1245696.3157884637, "201.043": 1247924.2025741457, "243.921": 1248995.4618116918, "290.091": 1250222.3456302707, "340.39": 1251506.7942033762, "393.348": 1252376.4810411476, "447.269": 1253104.4203914404, "502.599": 1253708.7726812896, "561.132": 1254283.534652054, "619.123": 1255005.113107185, "673.327": 1255415.6714612762, "730.755": 1255716.1856151777, "792.694": 1256184.2131898412, "845.1": 1256769.840931816, "889.14": 1257711.1210184128, "936.326": 1258198.9951316349, "992.547": 1259013.3088933702, "1046.14": 1259634.447197179, "1097.68": 1260419.7358610285, "1156.82": 1261067.0373219633, "1224.42": 1261563.6441797635, "1294.85": 1262009.2930408448, "1351.5": 1262474.5271480554, "1427.05": 1262821.642437148, "1516.01": 1263136.0838573421, "1615.26": 1263340.469561034, "1741.14": 1263382.514258374, "1863.28": 1263441.913403369, "2010.79": 1263494.8480787543, "2130.18": 1263547.8679044098, "2249.77": 1263597.7498819935, "2380.26": 1263637.2175413428, "2536.68": 1263693.8349842152, "2686.59": 1263745.7103234793, "2798.46": 1263813.184906438, "2924.56": 1263860.5592593828, "3079.35": 1263914.8814694178, "3210.03": 1263954.9342161037, "3356.88": 1264002.772311977, "3504.78": 1264043.3837397473, "3660.35": 1264080.3934873068, "3825.95": 1264122.6946177343, "3978.91": 1264164.3387963409, "4142.55": 1264212.6814891694, "4362.99": 1264259.0320905778, "4558.47": 1264287.2939863026, "4757.99": 1264327.123697385, "4938.86": 1264359.7988584123, "5165.8": 1264393.3673251464, "5399.51": 1264446.6172649667, "5595.83": 1264499.6272077528, "5782.04": 1264552.3003832838, "5952.78": 1264603.232770049, "6149.61": 1264682.7144058705, "6333.22": 1264737.3283992955, "6511.64": 1264788.099614251, "6714.04": 1264849.6135824763, "6904.84": 1264906.1757731438, "7108.31": 1264972.861419728, "7309.83": 1265035.163553742, "7523.5": 1265108.574417988, "7727.13": 1265153.2197033612, "7956.19": 1265200.1269238289, "8191.1": 1265245.424149031, "8428.78": 1265331.6478582732, "8664.95": 1265390.6698625584, "8916.18": 1265444.2819395612, "9164.67": 1265492.3615037864, "9385.02": 1265535.2263899199, "9642.54": 1265569.8572107363, "9939.21": 1265610.3966010634, "10177.0": 1265645.6195763554, "10478.9": 1265693.7860877311, "10753.8": 1265734.792050103, "11055.0": 1265757.3560522243, "11370.5": 1265785.3698639146, "11662.1": 1265809.4996882363, "12012.2": 1265826.2482631428, "12429.3": 1265850.9733992852, "12741.3": 1265871.9238563844, "13018.3": 1265897.751719967, "13496.1": 1265906.1744717308, "14057.1": 1265909.9497906812, "14698.3": 1265912.4054249201, "15363.5": 1265917.0920656933, "16020.0": 1265921.7154438975, "16690.2": 1265924.3775999409, "17406.0": 1265927.5936199771, "18047.3": 1265934.184107377, "18726.0": 1265940.4970830258, "19314.8": 1265945.5822231115, "20044.7": 1265948.7898085502}