{"feasible_fraction": 0.848, "v_bounds": 51212.547436869485, "hv_estimate": 43428.24022646532, "num_eps_samples": 1000}