{"pre-processing": 0.8848550319671631, "execution": 9.218456983566284}