{"pre-processing": 0.7775099277496338, "execution": 10.921202898025513}