{"1": [2.7488935718893934, 0.9034527051358355], "2": [4.23918930422958, 6.030028511389643, 0.6864379607926616, 1.2689344911559213], "3": [5.753168640098795, 2.823332999997419, 6.100010424047126, 0.6525734474353667, 1.1661334864194934, 1.3207221109574196], "4": [1.0027196443452668, 2.7682736368734373, 2.9059448202349802, 2.98507785851646, 0.6300798534801891, 1.2035679088768978, 1.270942184741356, 1.4170147118780556], "5": [0.9797739445693279, 2.6951640417005134, 2.8530823876353377, 2.9307723065493616, 2.9970570592915275, 0.58559254100531, 1.1820086922197757, 1.3308512728399051, 1.3350965394928718, 1.515574962190063], "6": [3.772202657068724, 2.060610533206356, 1.9365537284666616, 1.8204301901571296, 1.771892148482079, 1.6879343038784873, -0.5440213601957559, -1.1247682803203545, -1.3384365765436026, -1.3687318706434248, -1.4242862561127592, -1.5757812592571951]}