{"GWO": {"times": [0.2577400207519531, 1.7313265800476074, 1.183532953262329, 3.466742515563965, 0.1706249713897705, 0.2672309875488281, 0.7278933525085449, 0.2401125431060791, 0.23675298690795898, 0.3603248596191406, 0.734933614730835, 0.5025019645690918, 0.20097947120666504, 0.2315516471862793, 0.44040942192077637, 1.0277392864227295, 0.7497372627258301, 0.8415381908416748, 0.696617603302002, 0.2230072021484375, 0.6799294948577881, 0.44335055351257324, 0.34990644454956055, 0.690375804901123, 0.20730805397033691, 1.4099321365356445, 0.351238489151001, 1.4113023281097412, 0.282670259475708, 0.2356560230255127, 0.5108234882354736, 0.2537713050842285, 0.2696676254272461, 0.25640106201171875, 0.24876642227172852, 0.2418508529663086, 0.41382908821105957, 0.5035712718963623, 0.21104788780212402, 0.34188318252563477, 0.28035449981689453, 0.7120993137359619, 0.1495363712310791, 0.7279584407806396, 0.1740245819091797, 0.7473893165588379, 0.3641331195831299, 0.5718896389007568, 0.8059084415435791, 0.32775068283081055, 0.22265887260437012, 0.3165709972381592, 1.1357569694519043, 3.6259396076202393, 0.1830761432647705, 0.27603936195373535, 0.9459173679351807, 0.16160988807678223, 0.2704737186431885, 0.1997065544128418, 0.548126220703125, 0.21526813507080078, 0.42517590522766113, 0.4804692268371582, 0.2587401866912842, 0.25521087646484375, 0.5633411407470703, 0.9343678951263428, 0.7318227291107178, 0.26916074752807617, 1.0632355213165283, 0.3973519802093506, 0.2523205280303955, 0.2673816680908203, 0.5364608764648438, 0.5075569152832031, 3.3491392135620117, 0.28519511222839355, 0.2771940231323242, 0.27625203132629395, 1.2442817687988281, 0.16969537734985352, 0.5164110660552979, 2.663141965866089, 0.20120739936828613, 0.25495243072509766, 0.1932063102722168, 0.16106748580932617, 3.1233603954315186, 0.692425012588501, 0.16402459144592285, 0.9123368263244629, 0.22682547569274902, 0.3923161029815674, 0.23387789726257324, 0.662022590637207, 2.137122869491577, 0.16290998458862305, 1.1424853801727295, 0.4578263759613037], "mean": 0.6340864133834839, "var": 0.49591475761213066}, "R_EPS": {"times": [0.19917011260986328, 0.01007223129272461, 0.010287284851074219, 0.06422257423400879, 0.03267335891723633, 0.006560802459716797, 0.018993377685546875, 0.009185791015625, 0.00931692123413086, 0.012499809265136719, 0.01861119270324707, 0.02737593650817871, 0.05118393898010254, 0.03038191795349121, 0.011044740676879883, 0.030333518981933594, 0.010465145111083984, 0.012789011001586914, 0.09921813011169434, 0.005309343338012695, 0.005267143249511719, 0.011329412460327148, 0.010615110397338867, 0.010079622268676758, 0.015820741653442383, 0.11467456817626953, 0.011256933212280273, 0.040460824966430664, 0.012113094329833984, 0.005310773849487305, 0.019623279571533203, 0.010755062103271484, 0.005219936370849609, 0.018481969833374023, 0.01263427734375, 0.010153770446777344, 0.011276483535766602, 0.08349990844726562, 0.00991058349609375, 0.010111093521118164, 0.032326698303222656, 0.012363910675048828, 0.006825447082519531, 0.005273342132568359, 0.008872509002685547, 0.03853201866149902, 0.01863384246826172, 0.020628929138183594, 0.009644746780395508, 0.01751232147216797, 0.013989448547363281, 0.07737874984741211, 0.010654687881469727, 0.005433320999145508, 0.005257606506347656, 0.005202054977416992, 0.010972976684570312, 0.011514663696289062, 0.005274057388305664, 0.005224466323852539, 0.010654926300048828, 0.006350517272949219, 0.051087141036987305, 0.014925718307495117, 0.00913095474243164, 0.008862733840942383, 0.012749910354614258, 0.013394594192504883, 0.010757684707641602, 0.01758098602294922, 0.010379552841186523, 0.020263671875, 0.010082483291625977, 0.024602651596069336, 0.03111553192138672, 0.010523080825805664, 0.03289365768432617, 0.0448300838470459, 0.04612588882446289, 0.017310619354248047, 0.012885808944702148, 0.02441859245300293, 0.014614582061767578, 0.010544061660766602, 0.010339498519897461, 0.010615348815917969, 0.013326883316040039, 0.014506816864013672, 0.015687942504882812, 0.009710550308227539, 0.012469768524169922, 0.017758607864379883, 0.00939321517944336, 0.005265951156616211, 0.005335807800292969, 0.017284154891967773, 0.02469921112060547, 0.008976936340332031, 0.014627456665039062, 0.09977579116821289], "mean": 0.021756649017333984, "var": 0.0007467686629672698}, "WS": {"times": [0.005846738815307617, 0.0037238597869873047, 0.003689289093017578, 0.0036613941192626953, 0.0036933422088623047, 0.0035965442657470703, 0.003972291946411133, 0.0036551952362060547, 0.0035254955291748047, 0.0038933753967285156, 0.004014492034912109, 0.003618955612182617, 0.003673553466796875, 0.004302978515625, 0.003947019577026367, 0.004210948944091797, 0.003935098648071289, 0.0036051273345947266, 0.003854513168334961, 0.004004716873168945, 0.004066944122314453, 0.003675222396850586, 0.004340410232543945, 0.003698110580444336, 0.003841400146484375, 0.004133701324462891, 0.003987550735473633, 0.003929615020751953, 0.003639698028564453, 0.003977060317993164, 0.003798246383666992, 0.003538846969604492, 0.003548145294189453, 0.0036842823028564453, 0.004064798355102539, 0.004270315170288086, 0.0035419464111328125, 0.004004001617431641, 0.004160642623901367, 0.0039212703704833984, 0.004336357116699219, 0.004302978515625, 0.003907918930053711, 0.0041043758392333984, 0.0035517215728759766, 0.0037262439727783203, 0.0035212039947509766, 0.003941535949707031, 0.004257917404174805, 0.0042607784271240234, 0.003633260726928711, 0.00426483154296875, 0.004225730895996094, 0.0038983821868896484, 0.0038166046142578125, 0.0037870407104492188, 0.0038106441497802734, 0.004206657409667969, 0.003965139389038086, 0.003614664077758789, 0.004136800765991211, 0.0037164688110351562, 0.004254341125488281, 0.004010438919067383, 0.00397181510925293, 0.0039386749267578125, 0.0037832260131835938, 0.003500223159790039, 0.0035936832427978516, 0.0035593509674072266, 0.0035219192504882812, 0.00398564338684082, 0.004093170166015625, 0.003695964813232422, 0.0041811466217041016, 0.0039501190185546875, 0.004410266876220703, 0.003923177719116211, 0.004154205322265625, 0.004433870315551758, 0.0041272640228271484, 0.0045511722564697266, 0.004018545150756836, 0.0040547847747802734, 0.0042912960052490234, 0.003889799118041992, 0.0038022994995117188, 0.003816366195678711, 0.003721952438354492, 0.003572225570678711, 0.003847360610961914, 0.004048585891723633, 0.0036821365356445312, 0.003759145736694336, 0.0041294097900390625, 0.00475001335144043, 0.003793954849243164, 0.0038628578186035156, 0.003851175308227539, 0.0036013126373291016], "mean": 0.003933672904968262, "var": 1.0591392081096274e-07},