{"1": [5.890486225471778, 1.4939629942324602], "2": [2.667125013325089, 2.883626523460185, 1.2498316528748636, 2.264039993584653], "3": [4.151442224816153, 4.367204381426536, 4.524377166976728, 1.0684084891952963, 2.137698569985408, 2.4590750582618393], "4": [0.5849554000919751, 3.5703603444679475, 0.2741500156076556, 0.16101669303773986, -0.9480737575200502, -1.8842441450010416, -2.2902600770796417, -2.4655818327759698], "5": [0.9522185565592213, 1.0870381738439403, 1.215176963424751, 1.333932776539583, 1.4454516595093654, 0.9061170129068008, 1.8251028200771624, 2.1790170949590797, 2.4870298545111806, 2.6122577039013795], "6": [5.682129992186834, 5.81119020422348, 5.9018540241501425, 5.980984370869671, 6.082910710094732, 6.162493104762206, 0.8339806853456253, 1.6174933503238622, 1.8714565614520517, 2.1302036093849557, 2.3712872842315567, 2.4666124978331734]}